[{"model": "mis.apddilositype", "pk": 1, "fields": {"apddiltyp": "Κανονική"}}, {"model": "mis.apddilositype", "pk": 2, "fields": {"apddiltyp": "Έκτακτη"}}, {"model": "mis.apddilositype", "pk": 3, "fields": {"apddiltyp": "Επανυποβολή"}}, {"model": "mis.apddilositype", "pk": 4, "fields": {"apddiltyp": "Συμπληρωματική"}}, {"model": "mis.apasxolisieidos", "pk": 1, "fields": {"apeid": "Πλήρης", "plires_orario": true, "oles_ergasimes": true}}, {"model": "mis.apasxolisieidos", "pk": 2, "fields": {"apeid": "Μερική", "plires_orario": false, "oles_ergasimes": true}}, {"model": "mis.apasxolisieidos", "pk": 3, "fields": {"apeid": "Εκ περιτροπής", "plires_orario": true, "oles_ergasimes": false}}, {"model": "mis.apasxolisieidos", "pk": 4, "fields": {"apeid": "Μερική και εκ περιτροπής", "plires_orario": false, "oles_ergasimes": false}}, {"model": "mis.apasxolisitype", "pk": 1, "fields": {"aptyp": "Αορίστου χρόνου"}}, {"model": "mis.apasxolisitype", "pk": 2, "fields": {"aptyp": "Ορισμένου χρόνου"}}, {"model": "mis.apasxolisitype", "pk": 3, "fields": {"aptyp": "Έργου"}}, {"model": "mis.minas", "pk": 1, "fields": {"code": "01", "minas": "Ιανουάριος"}}, {"model": "mis.minas", "pk": 2, "fields": {"code": "02", "minas": "Φεβρουάριος"}}, {"model": "mis.minas", "pk": 3, "fields": {"code": "03", "minas": "Μάρτιος"}}, {"model": "mis.minas", "pk": 4, "fields": {"code": "04", "minas": "Απρίλιος"}}, {"model": "mis.minas", "pk": 5, "fields": {"code": "05", "minas": "Μάϊος"}}, {"model": "mis.minas", "pk": 6, "fields": {"code": "06", "minas": "Ιούνιος"}}, {"model": "mis.minas", "pk": 7, "fields": {"code": "07", "minas": "Ιούλιος"}}, {"model": "mis.minas", "pk": 8, "fields": {"code": "08", "minas": "Αύγουστος"}}, {"model": "mis.minas", "pk": 9, "fields": {"code": "09", "minas": "Σεπτέμβριος"}}, {"model": "mis.minas", "pk": 10, "fields": {"code": "10", "minas": "Οκτώβριος"}}, {"model": "mis.minas", "pk": 11, "fields": {"code": "11", "minas": "Νοέμβριος"}}, {"model": "mis.minas", "pk": 12, "fields": {"code": "12", "minas": "Δεκέμβριος"}}, {"model": "mis.efkaypok", "pk": 1, "fields": {"ypno": 218, "ypnam": "ΠΑΡΟΥ"}}, {"model": "mis.companytype", "pk": 1, "fields": {"companytype": "Εταιρία", "fmytype": 0}}, {"model": "mis.companytype", "pk": 2, "fields": {"companytype": "Φυσικό πρόσωπο", "fmytype": 1}}, {"model": "mis.company", "pk": 1, "fields": {"ctyp": 1, "epon": "ΑΚΤΗ ΦΑΡΑΓΓΑ ΠΑΡΟΥ ΕΠΕ", "name": "", "patr": "", "afm": "999249820", "ame": "9305859096", "doy": "ΠΑΡΟΥ", "dra": "ΜΠΑΡ ΕΣΤΙΑΤΟΡΙΟ"}}, {"model": "mis.companyparartima", "pk": 1, "fields": {"company": 1, "efkayp": 1, "parp": "ΑΓΑΘΗΜΕΡΟΥ", "parno": 1, "adodo": "ΑΓΑΘΗΜΕΡΟΥ", "adnum": "3", "adtk": "84400", "adpol": "ΑΘΗΝΑ"}}, {"model": "mis.kpk", "pk": 26, "fields": {"kpk": "026", "per": "Π.ΑΣΦ.ΤΑΠΙΤ"}}, {"model": "mis.kpk", "pk": 101, "fields": {"kpk": "101", "per": "ΜΙΚΤΑ, ΙΚΑ-ΤΕΑΜ"}}, {"model": "mis.kpk", "pk": 105, "fields": {"kpk": "105", "per": "ΒΑΡΕΑ, ΙΚΑ-ΤΕΑΜ"}}, {"model": "mis.kpkapo", "pk": 1, "fields": {"kpk": 101, "apo": 200201, "perg": "15.90", "peti": "27.96", "ptot": "43.86"}}, {"model": "mis.kpkapo", "pk": 2, "fields": {"kpk": 101, "apo": 200310, "perg": "16.00", "peti": "28.06", "ptot": "44.06"}}, {"model": "mis.kpkapo", "pk": 3, "fields": {"kpk": 101, "apo": 201108, "perg": "16.50", "peti": "28.56", "ptot": "45.06"}}, {"model": "mis.kpkapo", "pk": 4, "fields": {"kpk": 101, "apo": 201211, "perg": "16.50", "peti": "27.46", "ptot": "43.96"}}, {"model": "mis.kpkapo", "pk": 5, "fields": {"kpk": 101, "apo": 201407, "perg": "15.50", "peti": "24.56", "ptot": "40.06"}}, {"model": "mis.kpkapo", "pk": 6, "fields": {"kpk": 101, "apo": 201606, "perg": "16.00", "peti": "25.06", "ptot": "41.06"}}, {"model": "mis.kpkapo", "pk": 7, "fields": {"kpk": 101, "apo": 201906, "perg": "15.75", "peti": "24.81", "ptot": "40.56"}}, {"model": "mis.kpkapo", "pk": 8, "fields": {"kpk": 105, "apo": 200201, "perg": "19.35", "peti": "30.11", "ptot": "49.46"}}, {"model": "mis.kpkapo", "pk": 9, "fields": {"kpk": 105, "apo": 200310, "perg": "19.45", "peti": "30.21", "ptot": "49.66"}}, {"model": "mis.kpkapo", "pk": 10, "fields": {"kpk": 105, "apo": 201108, "perg": "19.95", "peti": "30.71", "ptot": "50.66"}}, {"model": "mis.kpkapo", "pk": 11, "fields": {"kpk": 105, "apo": 201211, "perg": "19.95", "peti": "29.61", "ptot": "49.56"}}, {"model": "mis.kpkapo", "pk": 12, "fields": {"kpk": 105, "apo": 201407, "perg": "18.95", "peti": "26.71", "ptot": "45.66"}}, {"model": "mis.kpkapo", "pk": 13, "fields": {"kpk": 105, "apo": 201606, "perg": "19.45", "peti": "27.21", "ptot": "46.66"}}, {"model": "mis.kpkapo", "pk": 14, "fields": {"kpk": 105, "apo": 201906, "perg": "19.20", "peti": "26.96", "ptot": "46.16"}}, {"model": "mis.kpkapo", "pk": 15, "fields": {"kpk": 26, "apo": 201312, "perg": "0.40", "peti": "0.40", "ptot": "0.80"}}, {"model": "mis.eidikotita", "pk": 1, "fields": {"eid": "ΣΕΡΒΙΤΟΡΟΣ"}}, {"model": "mis.eidikotita", "pk": 2, "fields": {"eid": "Β.ΣΕΡΒΙΤΟΡΟΣ"}}, {"model": "mis.eidikotita", "pk": 3, "fields": {"eid": "ΥΠΑΛΛΗΛΟΣ ΥΠΟΔΟΧΗΣ"}}, {"model": "mis.eidikotita", "pk": 4, "fields": {"eid": "Β.ΜΑΓΕΙΡΑΣ"}}, {"model": "mis.eidikotita", "pk": 5, "fields": {"eid": "ΛΑΝΤΖΕΡΗΣ"}}, {"model": "mis.eidikotita", "pk": 6, "fields": {"eid": "ΜΠΑΡΜΑΝ"}}, {"model": "mis.eidikotita", "pk": 7, "fields": {"eid": "ΤΑΜΙΑΣ"}}, {"model": "mis.eidikotita", "pk": 8, "fields": {"eid": "ΜΟΥΣΙΚΟΣ"}}, {"model": "mis.eidikotita", "pk": 9, "fields": {"eid": "ΝΤΙΣΚ ΤΖΟΚΕΥ"}}, {"model": "mis.eidikotita", "pk": 10, "fields": {"eid": "ΚΑΘΑΡΙΣΤΡΙΑ"}}, {"model": "mis.eidikotitakek", "pk": 1, "fields": {"eid": 4, "kad": "5540", "eidefka": "514010", "kpk": 105}}, {"model": "mis.eidikotitakek", "pk": 2, "fields": {"eid": 2, "kad": "5540", "eidefka": "515020", "kpk": 101}}, {"model": "mis.eidikotitakek", "pk": 3, "fields": {"eid": 10, "kad": "5540", "eidefka": "913220", "kpk": 101}}, {"model": "mis.eidikotitakek", "pk": 4, "fields": {"eid": 5, "kad": "5540", "eidefka": "913230", "kpk": 105}}, {"model": "mis.eidikotitakek", "pk": 5, "fields": {"eid": 8, "kad": "5540", "eidefka": "348220", "kpk": 105}}, {"model": "mis.eidikotitakek", "pk": 6, "fields": {"eid": 6, "kad": "5540", "eidefka": "515004", "kpk": 101}}, {"model": "mis.eidikotitakek", "pk": 7, "fields": {"eid": 9, "kad": "5540", "eidefka": "348210", "kpk": 101}}, {"model": "mis.eidikotitakek", "pk": 8, "fields": {"eid": 1, "kad": "5540", "eidefka": "515010", "kpk": 105}}, {"model": "mis.eidikotitakek", "pk": 9, "fields": {"eid": 7, "kad": "5540", "eidefka": "421110", "kpk": 101}}, {"model": "mis.eidikotitakek", "pk": 10, "fields": {"eid": 3, "kad": "5540", "eidefka": "915211", "kpk": 101}}, {"model": "mis.xora", "pk": 1, "fields": {"xora": "ΕΛΛΑΔΑ"}}, {"model": "mis.xora", "pk": 2, "fields": {"xora": "ΑΛΒΑΝΙΑ"}}, {"model": "mis.xora", "pk": 3, "fields": {"xora": "ΠΑΚΙΣΤΑΝ"}}, {"model": "mis.xora", "pk": 4, "fields": {"xora": "ΜΠΑΓΚΛΑΝΤΕΣ"}}, {"model": "mis.taftotitatype", "pk": 1, "fields": {"tat": "ΔΕΛΤΙΟ ΑΣΤΥΝΟΜΙΚΗΣ ΤΑΥΤΟΤΗΤΑΣ"}}, {"model": "mis.taftotitatype", "pk": 2, "fields": {"tat": "ΔΙΑΒΑΤΗΡΙΟ"}}, {"model": "mis.taftotitatype", "pk": 3, "fields": {"tat": "ΔΕΛΤΙΟ ΔΙΑΜΟΝΗΣ"}}, {"model": "mis.oikkattype", "pk": 1, "fields": {"oik": "Άγαμος"}}, {"model": "mis.oikkattype", "pk": 2, "fields": {"oik": "Έγγαμος"}}, {"model": "mis.ergazomenos", "pk": 1, "fields": {"epo": "ΚΟΤΣΑΛΗ", "ono": "ΑΝΕΤΑ", "pat": "ΑΓΚΡΟΝ", "mit": "ΧΕΛΓΚΑ", "afm": "138070650", "amka": "10078800207", "ama": 7985894, "sex": 2, "gen": "1988-07-10", "xor": 1, "taft": 1, "taf": "ΑΝ171917", "adodo": "ΠΑΝΑΓΙΩΤΑΡΑ", "adnum": "62", "adpol": "ΑΘΗΝΑ", "adtk": "15344", "mobile": "6974132085", "telhome": ""}}, {"model": "mis.ergazomenos", "pk": 2, "fields": {"epo": "ΣΚΥΛΟΥΡΑΚΗ", "ono": "ΜΑΡΙΑ", "pat": "ΒΑΣΙΛΕΙΟΣ", "mit": "ΒΑΣΙΛΙΚΗ", "afm": "131950607", "amka": "29038400767", "ama": 2916160, "sex": 2, "gen": "1984-03-29", "xor": 1, "taft": 1, "taf": "ΑΗ024217", "adodo": "ΑΓ.ΝΙΚΟΛΑΟΥ", "adnum": "2", "adpol": "ΣΑΛΑΜΙΝΑ", "adtk": "18900", "mobile": "6976625709", "telhome": ""}}, {"model": "mis.ergazomenos", "pk": 3, "fields": {"epo": "ΤΣΟΛΑΚΟΣ", "ono": "ΣΤΑΜΑΤΗΣ", "pat": "ΑΘΑΝΑΣΙΟΣ", "mit": "ΕΛΕΝΗ", "afm": "114749926", "amka": "05088202253", "ama": 7811526, "sex": 1, "gen": "1982-08-05", "xor": 1, "taft": 1, "taf": "ΑΙ486073", "adodo": "ΔΗΜΟΚΡΑΤΙΑΣ", "adnum": "59", "adpol": "ΠΕΥΚΗ", "adtk": "15121", "mobile": "6944330252", "telhome": ""}}, {"model": "mis.ergazomenos", "pk": 4, "fields": {"epo": "ΚΑΡΔΑΡΑ", "ono": "ΛΑΜΠΡΙΝΗ", "pat": "ΧΑΡΑΛΑΜΠΟΣ", "mit": "ΜΑΡΙΑ", "afm": "127756433", "amka": "22027302748", "ama": 4350690, "sex": 2, "gen": "1973-02-22", "xor": 1, "taft": 1, "taf": "ΑΚ116727", "adodo": "ΕΥΝΤΟΥ", "adnum": "8", "adpol": "ΜΕΤΣ , ΑΘΗΝΑ", "adtk": "?", "mobile": "6949165959", "telhome": ""}}, {"model": "mis.ergazomenos", "pk": 5, "fields": {"epo": "ΛΑΖΟΣ", "ono": "ΧΡΗΣΤΟΣ", "pat": "ΑΡΙΣΤΕΙΔΗΣ", "mit": "ΙΣΜΗΝΗ", "afm": "047063721", "amka": "11037701916", "ama": 2935902, "sex": 1, "gen": "1977-03-11", "xor": 1, "taft": 1, "taf": "ΑΖ606937", "adodo": "ΚΑΡΥΔΙΑ", "adnum": "?", "adpol": "ΚΟΜΟΤΗΝΗ", "adtk": "69100", "mobile": "6980943422", "telhome": ""}}, {"model": "mis.ergazomenos", "pk": 6, "fields": {"epo": "ΜΑΡΟΠΟΥΛΟΣ", "ono": "ΠΑΥΛΟΣ", "pat": "ΓΕΩΡΓΙΟΣ", "mit": "ΧΑΡΑ", "afm": "036679560", "amka": "23016502611", "ama": 8730368, "sex": 1, "gen": "1965-04-01", "xor": 1, "taft": 1, "taf": "Χ538569", "adodo": "ΜΙΑΟΥΛΗ", "adnum": "10", "adpol": "ΓΑΛΑΤΣΙ", "adtk": "11146", "mobile": "6972977461", "telhome": ""}}, {"model": "mis.ergazomenos", "pk": 7, "fields": {"epo": "ΧΑΤΖΗΚΟΥΜΠΑΡΟΓΛΟΥ", "ono": "ΒΕΝΙΑΜΙΝ", "pat": "ΓΕΩΡΓΙΟΣ", "mit": "ΕΙΡΗΝΗ", "afm": "120800347", "amka": "17028302259", "ama": 7699702, "sex": 1, "gen": "1983-02-17", "xor": 1, "taft": 1, "taf": "ΑΚ720584", "adodo": "ΝΑΞΟΥ", "adnum": "1", "adpol": "ΜΟΣΧΑΤΟ", "adtk": "?", "mobile": "6970853614", "telhome": ""}}, {"model": "mis.ergazomenos", "pk": 8, "fields": {"epo": "ΜΑΛΙΣΙΩΒΑΣ", "ono": "ΚΩΝΣΤΑΝΤΙΝΟΣ", "pat": "ΧΡΗΣΤΟΣ", "mit": "ΔΑΦΝΗ", "afm": "079774863", "amka": "08117900822", "ama": 9409458, "sex": 1, "gen": "1979-11-08", "xor": 1, "taft": 1, "taf": "ΑΗ501307", "adodo": "ΠΑΛΛΗΚΑΡΙΔΟΥ", "adnum": "40", "adpol": "ΑΙΓΑΛΕΩ", "adtk": "12243", "mobile": "6948007291", "telhome": ""}}, {"model": "mis.ergazomenos", "pk": 9, "fields": {"epo": "ΤΑΣΟΥΛΗΣ", "ono": "ΙΩΑΝΝΗΣ", "pat": "ΚΩΝΣΤΑΝΤΙΝΟΣ", "mit": "ΣΟΦΙΑ", "afm": "119227246", "amka": "06038400633", "ama": 4333074, "sex": 1, "gen": "1984-03-06", "xor": 1, "taft": 1, "taf": "χ006590", "adodo": "ΛΑΟΔΙΚΙΑΣ", "adnum": "2", "adpol": "ΒΥΡΩΝΑΣ", "adtk": "16232", "mobile": "6946273159", "telhome": ""}}, {"model": "mis.ergazomenos", "pk": 10, "fields": {"epo": "ΠΑΝΑΓΟΥΛΑΚΟΥ", "ono": "ΜΑΡΙΑ", "pat": "ΙΩΑΝΝΗΣ", "mit": "ΒΙΡΓΙΝΙΑ", "afm": "300499897", "amka": "14129202280", "ama": 6982098, "sex": 2, "gen": "1992-12-14", "xor": 1, "taft": 1, "taf": "ΑΒ800879", "adodo": "ΑΝΡΟΜΑΧΗΣ", "adnum": "237", "adpol": "ΚΑΛΛΙΘΕΑ", "adtk": "17673", "mobile": "6980263787", "telhome": ""}}, {"model": "mis.ergazomenos", "pk": 11, "fields": {"epo": "ΚΑΚΙΑ", "ono": "ΝΙΚΟΛΕΤΤΑ", "pat": "ΙΩΑΝΝΗΣ", "mit": "ΡΟΔΙΑ", "afm": "132449790", "amka": "27019602369", "ama": 200371547, "sex": 2, "gen": "1996-01-27", "xor": 1, "taft": 1, "taf": "ΑΜ588111", "adodo": "ΙΠΠΟΔΑΜΟΥ", "adnum": "6", "adpol": "ΠΑΓΚΡΑΤΙ", "adtk": "?", "mobile": "6947765901", "telhome": ""}}, {"model": "mis.ergazomenos", "pk": 12, "fields": {"epo": "MIA", "ono": "MD HARUN", "pat": "HASHEM", "mit": "MALEKA", "afm": "070874114", "amka": "01066701390", "ama": 9305462, "sex": 1, "gen": "1967-06-01", "xor": 4, "taft": 3, "taf": "GR5217467", "adodo": "ΠΑΝΑΓΙΩΤΑΡΑ", "adnum": "26", "adpol": "ΑΘΗΝΑ", "adtk": "11475", "mobile": "6948683060", "telhome": ""}}, {"model": "mis.ergazomenos", "pk": 13, "fields": {"epo": "ΛΑΖΑΡΟΣ", "ono": "ΘΕΟΔΩΡΟΣ", "pat": "ΚΩΝΣΤΑΝΤΙΝΟΣ", "mit": "ΣΤΑΥΡΟΥΛΑ", "afm": "046949583", "amka": "15026305175", "ama": 8639453, "sex": 1, "gen": "1963-02-15", "xor": 1, "taft": 1, "taf": "ΑΖ503638", "adodo": "ΣΙΣΜΑΝΟΓΛΕΙΟΥ", "adnum": "17", "adpol": "ΒΡΙΛΗΣΣΙΑ", "adtk": "ΤΚ152", "mobile": "6937736649", "telhome": ""}}, {"model": "mis.ergazomenos", "pk": 14, "fields": {"epo": "ΘΕΟΧΑΡΗ", "ono": "ΠΑΝΑΓΙΩΤΑ", "pat": "ΓΕΩΡΓΙΟΣ", "mit": "ΑΛΕΞΑΝΔΡΑ", "afm": "105909732", "amka": "08057804026", "ama": 7766608, "sex": 2, "gen": "1978-05-08", "xor": 1, "taft": 1, "taf": "Χ311251", "adodo": "ΑΝΑΒΡΥΤΗΣ", "adnum": "21", "adpol": "ΑΘΗΝΑ", "adtk": "11143", "mobile": "?", "telhome": ""}}, {"model": "mis.ergazomenos", "pk": 15, "fields": {"epo": "ΠΑΝΑΓΟΥΛΗΣ", "ono": "ΑΧΙΛΛΕΑΣ", "pat": "ΚΩΝΣΤΑΝΤΙΝΟΣ", "mit": "ΒΑΣΙΛΙΚΗ", "afm": "043714623", "amka": "17086700352", "ama": 9850748, "sex": 1, "gen": "1967-08-17", "xor": 1, "taft": 1, "taf": "ΑΕ612621", "adodo": "ΔΡΑΓΟΥΜΗ", "adnum": "6", "adpol": "ΓΕΡΑΚΑΣ", "adtk": "15344", "mobile": "6939106920", "telhome": ""}}, {"model": "mis.apodoxestypeefka", "pk": 1, "fields": {"apodtypeefka": "01", "per": "Τακτικές αποδοχές"}}, {"model": "mis.apodoxestypeefka", "pk": 2, "fields": {"apodtypeefka": "02", "per": "Αποδοχές Υπαλλήλων ΝΠΔΔ"}}, {"model": "mis.apodoxestypeefka", "pk": 3, "fields": {"apodtypeefka": "03", "per": "Δώρο Χριστουγέννων"}}, {"model": "mis.apodoxestypeefka", "pk": 4, "fields": {"apodtypeefka": "04", "per": "Δώρο Πάσχα"}}, {"model": "mis.apodoxestypeefka", "pk": 5, "fields": {"apodtypeefka": "05", "per": "Επίδομα Αδείας"}}, {"model": "mis.apodoxestypeefka", "pk": 6, "fields": {"apodtypeefka": "06", "per": "Επίδομα Ισολογισμού"}}, {"model": "mis.apodoxestypeefka", "pk": 7, "fields": {"apodtypeefka": "07", "per": "Αποδοχές Αδειών Εποχικών Απασχολουμένων"}}, {"model": "mis.apodoxestypeefka", "pk": 8, "fields": {"apodtypeefka": "08", "per": "Αποδοχές Ασθενείας"}}, {"model": "mis.apodoxestypeefka", "pk": 9, "fields": {"apodtypeefka": "09", "per": "Αναδρομικές Αποδοχές"}}, {"model": "mis.apodoxestypeefka", "pk": 10, "fields": {"apodtypeefka": "10", "per": "Bonus"}}, {"model": "mis.apodoxestypeefka", "pk": 11, "fields": {"apodtypeefka": "11", "per": "Υπερωρίες"}}, {"model": "mis.apodoxestypeefka", "pk": 12, "fields": {"apodtypeefka": "12", "per": "Αμοιβή με το κομμάτι (ΦΑΣΟΝ)"}}, {"model": "mis.apodoxestypeefka", "pk": 13, "fields": {"apodtypeefka": "13", "per": "Τεκμαρτές Αποδοχές"}}, {"model": "mis.apodoxestypeefka", "pk": 14, "fields": {"apodtypeefka": "14", "per": "Λοιπές Αποδοχές"}}, {"model": "mis.apodoxestypeefka", "pk": 18, "fields": {"apodtypeefka": "18", "per": "Αναστολή εργασίας"}}, {"model": "mis.apodoxestypeefka", "pk": 19, "fields": {"apodtypeefka": "19", "per": "Δώρο Πάσχα αναστολής"}}, {"model": "mis.parousiatype", "pk": 1, "fields": {"parousiatype": "Μέρες εργασίας (01)"}}, {"model": "mis.parousiatype", "pk": 2, "fields": {"parousiatype": "Ώρες εργασίας (ωρομίσθιοι) (01)"}}, {"model": "mis.parousiatype", "pk": 3, "fields": {"parousiatype": "Μέρες κανονικής άδειας (01)"}}, {"model": "mis.parousiatype", "pk": 4, "fields": {"parousiatype": "Μέρες λοιπών αδειών με αποδοχές (01)"}}, {"model": "mis.parousiatype", "pk": 5, "fields": {"parousiatype": "Ώρες νυχτερινές (για προασύξηση) (01)"}}, {"model": "mis.parousiatype", "pk": 6, "fields": {"parousiatype": "Μέρες Κυριακών/Αργιών (01)"}}, {"model": "mis.parousiatype", "pk": 7, "fields": {"parousiatype": "Ώρες Κυριακών/Αργιών (01)"}}, {"model": "mis.parousiatype", "pk": 8, "fields": {"parousiatype": "Μέρες αναστολής εργασίας (18)"}}, {"model": "mis.parousiatype", "pk": 9, "fields": {"parousiatype": "Μέρες ασθένειας έως 3 (08)"}}, {"model": "mis.parousiatype", "pk": 10, "fields": {"parousiatype": "Μέρες ασθένειας πάνω από 3 (08)"}}, {"model": "mis.parousiatype", "pk": 11, "fields": {"parousiatype": "Μέρες ασθένειας χωρίς αποδοχές (08)"}}, {"model": "mis.parousiatype", "pk": 12, "fields": {"parousiatype": "Μέρες λοχείας (08)"}}, {"model": "mis.ergazomenostype", "pk": 1, "fields": {"ergtype": "Μισθωτός", "evalmisthos": "self.apodoxes", "evalimeromisthio": "self.apodoxes / Decimal('25')", "evaloromisthio": "self.apodoxes / Decimal('25') * Decimal('6') / Decimal('40')"}}, {"model": "mis.ergazomenostype", "pk": 2, "fields": {"ergtype": "Ημερομίσθιος", "evalmisthos": "0", "evalimeromisthio": "self.apodoxes", "evaloromisthio": "self.apodoxes * Decimal('6') / Decimal('40')"}}, {"model": "mis.ergazomenostype", "pk": 3, "fields": {"ergtype": "Ωρομίσθιος", "evalmisthos": "0", "evalimeromisthio": "0", "evaloromisthio": "self.apodoxes"}}, {"model": "mis.proslipsi", "pk": 1, "fields": {"proslipsidate": "2019-11-02", "parartima": 1, "erg": 4, "eid": 8, "aptyp": 1, "apliksi": null, "apeid": 4, "ergazomenostype": 2, "apodoxes": "55.00"}}, {"model": "mis.proslipsi", "pk": 2, "fields": {"proslipsidate": "2019-11-02", "parartima": 1, "erg": 5, "eid": 8, "aptyp": 1, "apliksi": null, "apeid": 4, "ergazomenostype": 2, "apodoxes": "55.00"}}, {"model": "mis.proslipsi", "pk": 3, "fields": {"proslipsidate": "2019-11-02", "parartima": 1, "erg": 6, "eid": 8, "aptyp": 1, "apliksi": null, "apeid": 4, "ergazomenostype": 2, "apodoxes": "55.00"}}, {"model": "mis.proslipsi", "pk": 4, "fields": {"proslipsidate": "2019-11-02", "parartima": 1, "erg": 7, "eid": 8, "aptyp": 1, "apliksi": null, "apeid": 4, "ergazomenostype": 2, "apodoxes": "55.00"}}, {"model": "mis.proslipsi", "pk": 5, "fields": {"proslipsidate": "2019-11-02", "parartima": 1, "erg": 8, "eid": 1, "aptyp": 1, "apliksi": null, "apeid": 4, "ergazomenostype": 2, "apodoxes": "45.00"}}, {"model": "mis.proslipsi", "pk": 6, "fields": {"proslipsidate": "2019-11-02", "parartima": 1, "erg": 9, "eid": 2, "aptyp": 1, "apliksi": null, "apeid": 4, "ergazomenostype": 2, "apodoxes": "38.00"}}, {"model": "mis.proslipsi", "pk": 7, "fields": {"proslipsidate": "2019-11-02", "parartima": 1, "erg": 10, "eid": 2, "aptyp": 1, "apliksi": null, "apeid": 4, "ergazomenostype": 2, "apodoxes": "38.00"}}, {"model": "mis.proslipsi", "pk": 8, "fields": {"proslipsidate": "2019-11-02", "parartima": 1, "erg": 11, "eid": 4, "aptyp": 1, "apliksi": null, "apeid": 4, "ergazomenostype": 2, "apodoxes": "40.00"}}, {"model": "mis.proslipsi", "pk": 9, "fields": {"proslipsidate": "2019-11-29", "parartima": 1, "erg": 12, "eid": 5, "aptyp": 1, "apliksi": null, "apeid": 4, "ergazomenostype": 2, "apodoxes": "38.00"}}, {"model": "mis.proslipsi", "pk": 10, "fields": {"proslipsidate": "2020-02-10", "parartima": 1, "erg": 1, "eid": 2, "aptyp": 1, "apliksi": null, "apeid": 4, "ergazomenostype": 2, "apodoxes": "38.00"}}, {"model": "mis.proslipsi", "pk": 11, "fields": {"proslipsidate": "2019-11-02", "parartima": 1, "erg": 2, "eid": 7, "aptyp": 1, "apliksi": null, "apeid": 4, "ergazomenostype": 2, "apodoxes": "40.00"}}, {"model": "mis.proslipsi", "pk": 12, "fields": {"proslipsidate": "2019-11-02", "parartima": 1, "erg": 3, "eid": 4, "aptyp": 1, "apliksi": null, "apeid": 4, "ergazomenostype": 2, "apodoxes": "40.00"}}, {"model": "mis.proslipsi", "pk": 13, "fields": {"proslipsidate": "2019-12-20", "parartima": 1, "erg": 13, "eid": 2, "aptyp": 2, "apliksi": "2020-01-21", "apeid": 4, "ergazomenostype": 2, "apodoxes": "38.00"}}, {"model": "mis.proslipsi", "pk": 14, "fields": {"proslipsidate": "2020-01-19", "parartima": 1, "erg": 15, "eid": 8, "aptyp": 2, "apliksi": "2020-01-19", "apeid": 4, "ergazomenostype": 2, "apodoxes": "50.00"}}, {"model": "mis.proslipsi", "pk": 15, "fields": {"proslipsidate": "2020-01-19", "parartima": 1, "erg": 14, "eid": 8, "aptyp": 2, "apliksi": "2020-01-19", "apeid": 4, "ergazomenostype": 2, "apodoxes": "50.00"}}, {"model": "mis.apoxorisitype", "pk": 1, "fields": {"aptyp": "Οικιοθελής αποχώρηση"}}, {"model": "mis.apoxorisitype", "pk": 2, "fields": {"aptyp": "Απόλυση"}}, {"model": "mis.apoxorisitype", "pk": 3, "fields": {"aptyp": "Συνταξιοδότηση"}}, {"model": "mis.apoxorisitype", "pk": 4, "fields": {"aptyp": "Λήξη σύμβασης ορισμένου χρόνου"}}, {"model": "mis.apoxorisitype", "pk": 5, "fields": {"aptyp": "Λήξη σύμβασης έργου"}}, {"model": "mis.apoxorisi", "pk": 1, "fields": {"apoxorisidate": "2020-01-21", "proslipsi": 13, "aptyp": 4}}, {"model": "mis.apoxorisi", "pk": 2, "fields": {"apoxorisidate": "2020-01-19", "proslipsi": 15, "aptyp": 4}}, {"model": "mis.apoxorisi", "pk": 3, "fields": {"apoxorisidate": "2020-01-19", "proslipsi": 14, "aptyp": 4}}, {"model": "mis.apoxorisi", "pk": 4, "fields": {"apoxorisidate": "2020-06-22", "proslipsi": 11, "aptyp": 1}}, {"model": "mis.apoxorisi", "pk": 5, "fields": {"apoxorisidate": "2020-06-22", "proslipsi": 12, "aptyp": 1}}, {"model": "mis.apoxorisi", "pk": 6, "fields": {"apoxorisidate": "2020-06-22", "proslipsi": 1, "aptyp": 1}}, {"model": "mis.apoxorisi", "pk": 7, "fields": {"apoxorisidate": "2020-06-22", "proslipsi": 2, "aptyp": 1}}, {"model": "mis.apoxorisi", "pk": 8, "fields": {"apoxorisidate": "2020-06-22", "proslipsi": 3, "aptyp": 1}}, {"model": "mis.apoxorisi", "pk": 9, "fields": {"apoxorisidate": "2020-06-22", "proslipsi": 4, "aptyp": 1}}, {"model": "mis.apoxorisi", "pk": 10, "fields": {"apoxorisidate": "2020-06-22", "proslipsi": 5, "aptyp": 1}}, {"model": "mis.apoxorisi", "pk": 11, "fields": {"apoxorisidate": "2020-06-22", "proslipsi": 6, "aptyp": 1}}, {"model": "mis.apoxorisi", "pk": 12, "fields": {"apoxorisidate": "2020-06-23", "proslipsi": 7, "aptyp": 2}}, {"model": "mis.apoxorisi", "pk": 13, "fields": {"apoxorisidate": "2020-06-22", "proslipsi": 8, "aptyp": 1}}, {"model": "mis.apoxorisi", "pk": 14, "fields": {"apoxorisidate": "2020-06-22", "proslipsi": 9, "aptyp": 1}}, {"model": "mis.apoxorisi", "pk": 15, "fields": {"apoxorisidate": "2020-06-22", "proslipsi": 10, "aptyp": 1}}, {"model": "mis.parousia", "pk": 1, "fields": {"etos": 2020, "minas": 1}}, {"model": "mis.parousia", "pk": 2, "fields": {"etos": 2020, "minas": 2}}, {"model": "mis.parousia", "pk": 3, "fields": {"etos": 2020, "minas": 3}}, {"model": "mis.parousia", "pk": 4, "fields": {"etos": 2020, "minas": 4}}, {"model": "mis.parousia", "pk": 5, "fields": {"etos": 2020, "minas": 5}}, {"model": "mis.parousia", "pk": 6, "fields": {"etos": 2020, "minas": 6}}, {"model": "mis.parousia", "pk": 7, "fields": {"etos": 2020, "minas": 7}}, {"model": "mis.parousiadetails", "pk": 1, "fields": {"parousia": 1, "pro": 11, "ptyp": 1, "value": 6, "apo": null, "eos": null}}, {"model": "mis.parousiadetails", "pk": 2, "fields": {"parousia": 1, "pro": 12, "ptyp": 1, "value": 7, "apo": null, "eos": null}}, {"model": "mis.parousiadetails", "pk": 3, "fields": {"parousia": 1, "pro": 1, "ptyp": 1, "value": 7, "apo": null, "eos": null}}, {"model": "mis.parousiadetails", "pk": 4, "fields": {"parousia": 1, "pro": 2, "ptyp": 1, "value": 3, "apo": null, "eos": null}}, {"model": "mis.parousiadetails", "pk": 5, "fields": {"parousia": 1, "pro": 3, "ptyp": 1, "value": 3, "apo": null, "eos": null}}, {"model": "mis.parousiadetails", "pk": 6, "fields": {"parousia": 1, "pro": 4, "ptyp": 1, "value": 6, "apo": null, "eos": null}}, {"model": "mis.parousiadetails", "pk": 7, "fields": {"parousia": 1, "pro": 5, "ptyp": 1, "value": 5, "apo": null, "eos": null}}, {"model": "mis.parousiadetails", "pk": 8, "fields": {"parousia": 1, "pro": 6, "ptyp": 1, "value": 1, "apo": null, "eos": null}}, {"model": "mis.parousiadetails", "pk": 9, "fields": {"parousia": 1, "pro": 7, "ptyp": 1, "value": 3, "apo": null, "eos": null}}, {"model": "mis.parousiadetails", "pk": 10, "fields": {"parousia": 1, "pro": 8, "ptyp": 1, "value": 6, "apo": null, "eos": null}}, {"model": "mis.parousiadetails", "pk": 11, "fields": {"parousia": 1, "pro": 9, "ptyp": 1, "value": 7, "apo": null, "eos": null}}, {"model": "mis.parousiadetails", "pk": 12, "fields": {"parousia": 1, "pro": 13, "ptyp": 1, "value": 4, "apo": null, "eos": null}}, {"model": "mis.parousiadetails", "pk": 13, "fields": {"parousia": 1, "pro": 15, "ptyp": 1, "value": 1, "apo": null, "eos": null}}, {"model": "mis.parousiadetails", "pk": 14, "fields": {"parousia": 1, "pro": 14, "ptyp": 1, "value": 1, "apo": null, "eos": null}}, {"model": "mis.parousiadetails", "pk": 15, "fields": {"parousia": 2, "pro": 11, "ptyp": 1, "value": 8, "apo": null, "eos": null}}, {"model": "mis.parousiadetails", "pk": 16, "fields": {"parousia": 2, "pro": 12, "ptyp": 1, "value": 7, "apo": null, "eos": null}}, {"model": "mis.parousiadetails", "pk": 17, "fields": {"parousia": 2, "pro": 1, "ptyp": 1, "value": 7, "apo": null, "eos": null}}, {"model": "mis.parousiadetails", "pk": 18, "fields": {"parousia": 2, "pro": 2, "ptyp": 1, "value": 3, "apo": null, "eos": null}}, {"model": "mis.parousiadetails", "pk": 19, "fields": {"parousia": 2, "pro": 3, "ptyp": 1, "value": 2, "apo": null, "eos": null}}, {"model": "mis.parousiadetails", "pk": 20, "fields": {"parousia": 2, "pro": 4, "ptyp": 1, "value": 6, "apo": null, "eos": null}}, {"model": "mis.parousiadetails", "pk": 21, "fields": {"parousia": 2, "pro": 5, "ptyp": 1, "value": 7, "apo": null, "eos": null}}, {"model": "mis.parousiadetails", "pk": 22, "fields": {"parousia": 2, "pro": 6, "ptyp": 1, "value": 1, "apo": null, "eos": null}}, {"model": "mis.parousiadetails", "pk": 23, "fields": {"parousia": 2, "pro": 7, "ptyp": 1, "value": 6, "apo": null, "eos": null}}, {"model": "mis.parousiadetails", "pk": 24, "fields": {"parousia": 2, "pro": 8, "ptyp": 1, "value": 6, "apo": null, "eos": null}}, {"model": "mis.parousiadetails", "pk": 25, "fields": {"parousia": 2, "pro": 9, "ptyp": 1, "value": 8, "apo": null, "eos": null}}, {"model": "mis.parousiadetails", "pk": 26, "fields": {"parousia": 2, "pro": 10, "ptyp": 1, "value": 6, "apo": null, "eos": null}}, {"model": "mis.parousiadetails", "pk": 27, "fields": {"parousia": 3, "pro": 11, "ptyp": 1, "value": 2, "apo": "2020-03-01", "eos": "2020-03-14"}}, {"model": "mis.parousiadetails", "pk": 28, "fields": {"parousia": 3, "pro": 12, "ptyp": 1, "value": 2, "apo": "2020-03-01", "eos": "2020-03-14"}}, {"model": "mis.parousiadetails", "pk": 29, "fields": {"parousia": 3, "pro": 1, "ptyp": 1, "value": 1, "apo": "2020-03-01", "eos": "2020-03-14"}}, {"model": "mis.parousiadetails", "pk": 30, "fields": {"parousia": 3, "pro": 2, "ptyp": 1, "value": 1, "apo": "2020-03-01", "eos": "2020-03-14"}}, {"model": "mis.parousiadetails", "pk": 31, "fields": {"parousia": 3, "pro": 3, "ptyp": 1, "value": 1, "apo": "2020-03-01", "eos": "2020-03-14"}}, {"model": "mis.parousiadetails", "pk": 32, "fields": {"parousia": 3, "pro": 4, "ptyp": 1, "value": 1, "apo": "2020-03-01", "eos": "2020-03-14"}}, {"model": "mis.parousiadetails", "pk": 33, "fields": {"parousia": 3, "pro": 5, "ptyp": 1, "value": 1, "apo": "2020-03-01", "eos": "2020-03-14"}}, {"model": "mis.parousiadetails", "pk": 34, "fields": {"parousia": 3, "pro": 6, "ptyp": 1, "value": 1, "apo": "2020-03-01", "eos": "2020-03-14"}}, {"model": "mis.parousiadetails", "pk": 35, "fields": {"parousia": 3, "pro": 7, "ptyp": 1, "value": 1, "apo": "2020-03-01", "eos": "2020-03-14"}}, {"model": "mis.parousiadetails", "pk": 36, "fields": {"parousia": 3, "pro": 8, "ptyp": 1, "value": 2, "apo": "2020-03-01", "eos": "2020-03-14"}}, {"model": "mis.parousiadetails", "pk": 37, "fields": {"parousia": 3, "pro": 9, "ptyp": 1, "value": 2, "apo": "2020-03-01", "eos": "2020-03-14"}}, {"model": "mis.parousiadetails", "pk": 38, "fields": {"parousia": 3, "pro": 10, "ptyp": 1, "value": 1, "apo": "2020-03-01", "eos": "2020-03-14"}}, {"model": "mis.parousiadetails", "pk": 39, "fields": {"parousia": 3, "pro": 11, "ptyp": 8, "value": 6, "apo": "2020-03-15", "eos": "2020-03-31"}}, {"model": "mis.parousiadetails", "pk": 40, "fields": {"parousia": 3, "pro": 12, "ptyp": 8, "value": 5, "apo": "2020-03-15", "eos": "2020-03-31"}}, {"model": "mis.parousiadetails", "pk": 41, "fields": {"parousia": 3, "pro": 1, "ptyp": 8, "value": 6, "apo": "2020-03-15", "eos": "2020-03-31"}}, {"model": "mis.parousiadetails", "pk": 42, "fields": {"parousia": 3, "pro": 2, "ptyp": 8, "value": 3, "apo": "2020-03-15", "eos": "2020-03-31"}}, {"model": "mis.parousiadetails", "pk": 43, "fields": {"parousia": 3, "pro": 3, "ptyp": 8, "value": 1, "apo": "2020-03-15", "eos": "2020-03-31"}}, {"model": "mis.parousiadetails", "pk": 44, "fields": {"parousia": 3, "pro": 4, "ptyp": 8, "value": 5, "apo": "2020-03-15", "eos": "2020-03-31"}}, {"model": "mis.parousiadetails", "pk": 45, "fields": {"parousia": 3, "pro": 5, "ptyp": 8, "value": 6, "apo": "2020-03-15", "eos": "2020-03-31"}}, {"model": "mis.parousiadetails", "pk": 46, "fields": {"parousia": 3, "pro": 6, "ptyp": 8, "value": 1, "apo": "2020-03-15", "eos": "2020-03-31"}}, {"model": "mis.parousiadetails", "pk": 47, "fields": {"parousia": 3, "pro": 7, "ptyp": 8, "value": 5, "apo": "2020-03-15", "eos": "2020-03-31"}}, {"model": "mis.parousiadetails", "pk": 48, "fields": {"parousia": 3, "pro": 8, "ptyp": 8, "value": 4, "apo": "2020-03-15", "eos": "2020-03-31"}}, {"model": "mis.parousiadetails", "pk": 49, "fields": {"parousia": 3, "pro": 9, "ptyp": 8, "value": 6, "apo": "2020-03-15", "eos": "2020-03-31"}}, {"model": "mis.parousiadetails", "pk": 50, "fields": {"parousia": 3, "pro": 10, "ptyp": 8, "value": 5, "apo": "2020-03-15", "eos": "2020-03-31"}}, {"model": "mis.parousiadetails", "pk": 51, "fields": {"parousia": 4, "pro": 11, "ptyp": 8, "value": 8, "apo": "2020-04-01", "eos": "2020-04-30"}}, {"model": "mis.parousiadetails", "pk": 52, "fields": {"parousia": 4, "pro": 12, "ptyp": 8, "value": 7, "apo": "2020-04-01", "eos": "2020-04-30"}}, {"model": "mis.parousiadetails", "pk": 53, "fields": {"parousia": 4, "pro": 1, "ptyp": 8, "value": 7, "apo": "2020-04-01", "eos": "2020-04-30"}}, {"model": "mis.parousiadetails", "pk": 54, "fields": {"parousia": 4, "pro": 2, "ptyp": 8, "value": 4, "apo": "2020-04-01", "eos": "2020-04-30"}}, {"model": "mis.parousiadetails", "pk": 55, "fields": {"parousia": 4, "pro": 3, "ptyp": 8, "value": 2, "apo": "2020-04-01", "eos": "2020-04-30"}}, {"model": "mis.parousiadetails", "pk": 56, "fields": {"parousia": 4, "pro": 4, "ptyp": 8, "value": 6, "apo": "2020-04-01", "eos": "2020-04-30"}}, {"model": "mis.parousiadetails", "pk": 57, "fields": {"parousia": 4, "pro": 5, "ptyp": 8, "value": 7, "apo": "2020-04-01", "eos": "2020-04-30"}}, {"model": "mis.parousiadetails", "pk": 58, "fields": {"parousia": 4, "pro": 6, "ptyp": 8, "value": 2, "apo": "2020-04-01", "eos": "2020-04-30"}}, {"model": "mis.parousiadetails", "pk": 59, "fields": {"parousia": 4, "pro": 7, "ptyp": 8, "value": 6, "apo": "2020-04-01", "eos": "2020-04-30"}}, {"model": "mis.parousiadetails", "pk": 60, "fields": {"parousia": 4, "pro": 8, "ptyp": 8, "value": 6, "apo": "2020-04-01", "eos": "2020-04-30"}}, {"model": "mis.parousiadetails", "pk": 61, "fields": {"parousia": 4, "pro": 9, "ptyp": 8, "value": 8, "apo": "2020-04-01", "eos": "2020-04-30"}}, {"model": "mis.parousiadetails", "pk": 62, "fields": {"parousia": 4, "pro": 10, "ptyp": 8, "value": 6, "apo": "2020-04-01", "eos": "2020-04-30"}}, {"model": "mis.parousiadetails", "pk": 63, "fields": {"parousia": 5, "pro": 11, "ptyp": 8, "value": 8, "apo": "2020-05-01", "eos": "2020-05-31"}}, {"model": "mis.parousiadetails", "pk": 64, "fields": {"parousia": 5, "pro": 12, "ptyp": 8, "value": 7, "apo": "2020-05-01", "eos": "2020-05-31"}}, {"model": "mis.parousiadetails", "pk": 65, "fields": {"parousia": 5, "pro": 1, "ptyp": 8, "value": 7, "apo": "2020-05-01", "eos": "2020-05-31"}}, {"model": "mis.parousiadetails", "pk": 66, "fields": {"parousia": 5, "pro": 2, "ptyp": 8, "value": 4, "apo": "2020-05-01", "eos": "2020-05-31"}}, {"model": "mis.parousiadetails", "pk": 67, "fields": {"parousia": 5, "pro": 3, "ptyp": 8, "value": 2, "apo": "2020-05-01", "eos": "2020-05-31"}}, {"model": "mis.parousiadetails", "pk": 68, "fields": {"parousia": 5, "pro": 4, "ptyp": 8, "value": 6, "apo": "2020-05-01", "eos": "2020-05-31"}}, {"model": "mis.parousiadetails", "pk": 69, "fields": {"parousia": 5, "pro": 5, "ptyp": 8, "value": 7, "apo": "2020-05-01", "eos": "2020-05-31"}}, {"model": "mis.parousiadetails", "pk": 70, "fields": {"parousia": 5, "pro": 6, "ptyp": 8, "value": 2, "apo": "2020-05-01", "eos": "2020-05-31"}}, {"model": "mis.parousiadetails", "pk": 71, "fields": {"parousia": 5, "pro": 7, "ptyp": 8, "value": 6, "apo": "2020-05-01", "eos": "2020-05-31"}}, {"model": "mis.parousiadetails", "pk": 72, "fields": {"parousia": 5, "pro": 8, "ptyp": 8, "value": 6, "apo": "2020-05-01", "eos": "2020-05-31"}}, {"model": "mis.parousiadetails", "pk": 73, "fields": {"parousia": 5, "pro": 9, "ptyp": 8, "value": 8, "apo": "2020-05-01", "eos": "2020-05-31"}}, {"model": "mis.parousiadetails", "pk": 74, "fields": {"parousia": 5, "pro": 10, "ptyp": 8, "value": 6, "apo": "2020-05-01", "eos": "2020-05-31"}}, {"model": "mis.parousiadetails", "pk": 79, "fields": {"parousia": 6, "pro": 10, "ptyp": 8, "value": 1, "apo": "2020-06-01", "eos": "2020-06-05"}}, {"model": "mis.parousiadetails", "pk": 80, "fields": {"parousia": 6, "pro": 9, "ptyp": 8, "value": 1, "apo": "2020-06-01", "eos": "2020-06-05"}}, {"model": "mis.parousiadetails", "pk": 81, "fields": {"parousia": 6, "pro": 8, "ptyp": 8, "value": 1, "apo": "2020-06-01", "eos": "2020-06-05"}}, {"model": "mis.parousiadetails", "pk": 82, "fields": {"parousia": 6, "pro": 1, "ptyp": 8, "value": 1, "apo": "2020-06-01", "eos": "2020-06-05"}}, {"model": "mis.parousiadetails", "pk": 83, "fields": {"parousia": 6, "pro": 2, "ptyp": 8, "value": 1, "apo": "2020-06-01", "eos": "2020-06-05"}}, {"model": "mis.parousiadetails", "pk": 84, "fields": {"parousia": 6, "pro": 5, "ptyp": 8, "value": 1, "apo": "2020-06-01", "eos": "2020-06-05"}}, {"model": "mis.parousiadetails", "pk": 85, "fields": {"parousia": 6, "pro": 3, "ptyp": 8, "value": 1, "apo": "2020-06-01", "eos": "2020-06-05"}}, {"model": "mis.parousiadetails", "pk": 86, "fields": {"parousia": 6, "pro": 7, "ptyp": 8, "value": 1, "apo": "2020-06-01", "eos": "2020-06-05"}}, {"model": "mis.parousiadetails", "pk": 87, "fields": {"parousia": 6, "pro": 11, "ptyp": 8, "value": 1, "apo": "2020-06-01", "eos": "2020-06-05"}}, {"model": "mis.parousiadetails", "pk": 88, "fields": {"parousia": 6, "pro": 6, "ptyp": 8, "value": 1, "apo": "2020-06-01", "eos": "2020-06-05"}}, {"model": "mis.parousiadetails", "pk": 89, "fields": {"parousia": 6, "pro": 12, "ptyp": 8, "value": 1, "apo": "2020-06-01", "eos": "2020-06-05"}}, {"model": "mis.parousiadetails", "pk": 90, "fields": {"parousia": 6, "pro": 4, "ptyp": 8, "value": 1, "apo": "2020-06-01", "eos": "2020-06-05"}}, {"model": "mis.parousiadetails", "pk": 91, "fields": {"parousia": 7, "pro": 14, "ptyp": 1, "value": 5, "apo": "2020-07-03", "eos": "2020-07-08"}}, {"model": "mis.misthodosiatype", "pk": 1, "fields": {"mistype": "Τακτικές αποδοχές", "barytis": "14.0"}}, {"model": "mis.misthodosiatype", "pk": 2, "fields": {"mistype": "Δώρο Χριστουγέννων", "barytis": "14.0"}}, {"model": "mis.misthodosiatype", "pk": 3, "fields": {"mistype": "Δώρο Πάσχα", "barytis": "28.0"}}, {"model": "mis.misthodosiatype", "pk": 4, "fields": {"mistype": "Επίδομα αδείας", "barytis": "28.0"}}, {"model": "mis.misthodosiatype", "pk": 5, "fields": {"mistype": "Επίδομα Ισολογισμού", "barytis": "15.0"}}, {"model": "mis.misthodosia", "pk": 1, "fields": {"etos": 2020, "mistype": 1, "apomina": 1, "eosmina": 1, "ekdosidate": "2020-01-31"}}, {"model": "mis.misthodosia", "pk": 2, "fields": {"etos": 2020, "mistype": 1, "apomina": 2, "eosmina": 2, "ekdosidate": "2020-02-29"}}, {"model": "mis.misthodosia", "pk": 3, "fields": {"etos": 2020, "mistype": 1, "apomina": 3, "eosmina": 3, "ekdosidate": "2020-03-31"}}, {"model": "mis.misthodosia", "pk": 4, "fields": {"etos": 2020, "mistype": 1, "apomina": 4, "eosmina": 4, "ekdosidate": "2020-04-30"}}, {"model": "mis.misthodosia", "pk": 5, "fields": {"etos": 2020, "mistype": 3, "apomina": 1, "eosmina": 4, "ekdosidate": "2020-04-29"}}, {"model": "mis.misthodosia", "pk": 6, "fields": {"etos": 2020, "mistype": 1, "apomina": 5, "eosmina": 5, "ekdosidate": "2020-05-31"}}, {"model": "mis.misthodosia", "pk": 7, "fields": {"etos": 2020, "mistype": 4, "apomina": 1, "eosmina": 6, "ekdosidate": "2020-06-30"}}, {"model": "mis.misthodosia", "pk": 8, "fields": {"etos": 2020, "mistype": 1, "apomina": 6, "eosmina": 6, "ekdosidate": "2020-06-30"}}, {"model": "mis.formula", "pk": 1, "fields": {"part": 1, "ergt": 2, "mist": 1, "apodt": 1, "meresefka": true, "argiaefka": false, "evalu": "val * imeromisthio"}}, {"model": "mis.formula", "pk": 2, "fields": {"part": 1, "ergt": 2, "mist": 3, "apodt": 4, "meresefka": false, "argiaefka": false, "evalu": "val / Decimal(6.5) * imeromisthio * Decimal(1.04167)"}}, {"model": "mis.formula", "pk": 3, "fields": {"part": 8, "ergt": 2, "mist": 1, "apodt": 18, "meresefka": true, "argiaefka": false, "evalu": "val * imeromisthio"}}, {"model": "mis.formula", "pk": 4, "fields": {"part": 8, "ergt": 2, "mist": 3, "apodt": 19, "meresefka": false, "argiaefka": false, "evalu": "val / Decimal(6.5) * imeromisthio * Decimal(1.04167)"}}, {"model": "mis.formula", "pk": 5, "fields": {"part": 1, "ergt": 2, "mist": 4, "apodt": 5, "meresefka": false, "argiaefka": false, "evalu": "(val / Decimal(12.5) * imeromisthio) if (val /Decimal(12.5) <= 13) else (imeromisthio * Decimal(13))"}}, {"model": "mis.formula", "pk": 6, "fields": {"part": 6, "ergt": 2, "mist": 1, "apodt": 1, "meresefka": false, "argiaefka": true, "evalu": "val * imeromisthio * Decimal('0.75')"}}, {"model": "mis.formula", "pk": 7, "fields": {"part": 9, "ergt": 2, "mist": 1, "apodt": 8, "meresefka": true, "argiaefka": false, "evalu": "val * imeromisthio / 2"}}, {"model": "mis.formula", "pk": 8, "fields": {"part": 9, "ergt": 2, "mist": 3, "apodt": 4, "meresefka": false, "argiaefka": false, "evalu": "val / Decimal('6.5') * imeromisthio"}}, {"model": "mis.formula", "pk": 9, "fields": {"part": 5, "ergt": 2, "mist": 1, "apodt": 1, "meresefka": false, "argiaefka": false, "evalu": "val * oromisthio * Decimal('0.25')"}}, {"model": "mis.formula", "pk": 10, "fields": {"part": 8, "ergt": 2, "mist": 4, "apodt": 5, "meresefka": false, "argiaefka": false, "evalu": "(val / Decimal(12.5) * imeromisthio) if (val /Decimal(12.5) <= 13) else (imeromisthio * Decimal(13))"}}, {"model": "mis.formula", "pk": 11, "fields": {"part": 1, "ergt": 1, "mist": 4, "apodt": 5, "meresefka": false, "argiaefka": false, "evalu": "(val / Decimal(12.5) * imeromisthio) if (val /Decimal(12.5) <= 13) else (misthos / Decimal(2))"}}, {"model": "mis.formula", "pk": 12, "fields": {"part": 1, "ergt": 2, "mist": 2, "apodt": 3, "meresefka": false, "argiaefka": false, "evalu": "val / Decimal(8) * imeromisthio * Decimal(1.04167)"}}, {"model": "mis.apd", "pk": 1, "fields": {"etos": 2020, "minas": 1, "apdtype": 1, "ekdosi": "2020-02-04"}}, {"model": "mis.apd", "pk": 2, "fields": {"etos": 2020, "minas": 2, "apdtype": 1, "ekdosi": "2020-03-04"}}, {"model": "mis.apd", "pk": 3, "fields": {"etos": 2020, "minas": 3, "apdtype": 1, "ekdosi": "2020-04-09"}}, {"model": "mis.apd", "pk": 4, "fields": {"etos": 2020, "minas": 5, "apdtype": 1, "ekdosi": "2020-06-10"}}, {"model": "mis.apd", "pk": 5, "fields": {"etos": 2020, "minas": 5, "apdtype": 4, "ekdosi": "2020-06-23"}}, {"model": "mis.apd", "pk": 6, "fields": {"etos": 2020, "minas": 6, "apdtype": 1, "ekdosi": "2020-07-09"}}, {"model": "mis.apd", "pk": 7, "fields": {"etos": 2020, "minas": 4, "apdtype": 1, "ekdosi": "2020-05-12"}}, {"model": "mis.apddetails", "pk": 1, "fields": {"apd": 1, "mis": 1}}, {"model": "mis.apddetails", "pk": 2, "fields": {"apd": 2, "mis": 2}}, {"model": "mis.apddetails", "pk": 3, "fields": {"apd": 3, "mis": 3}}, {"model": "mis.apddetails", "pk": 4, "fields": {"apd": 4, "mis": 6}}, {"model": "mis.apddetails", "pk": 5, "fields": {"apd": 5, "mis": 5}}, {"model": "mis.apddetails", "pk": 8, "fields": {"apd": 6, "mis": 8}}, {"model": "mis.apddetails", "pk": 9, "fields": {"apd": 7, "mis": 4}}, {"model": "mis.fmy", "pk": 1, "fields": {"etos": 2020, "minas": 1, "cdate": "2020-01-31"}}, {"model": "mis.fmy", "pk": 2, "fields": {"etos": 2020, "minas": 2, "cdate": "2020-02-29"}}, {"model": "mis.fmy", "pk": 3, "fields": {"etos": 2020, "minas": 3, "cdate": "2020-03-31"}}, {"model": "mis.fmy", "pk": 4, "fields": {"etos": 2020, "minas": 4, "cdate": "2020-04-30"}}, {"model": "mis.fmy", "pk": 5, "fields": {"etos": 2020, "minas": 5, "cdate": "2020-05-31"}}, {"model": "mis.fmy", "pk": 6, "fields": {"etos": 2020, "minas": 6, "cdate": "2020-06-30"}}, {"model": "mis.fmydetails", "pk": 9, "fields": {"fmy": 1, "mis": 1}}, {"model": "mis.fmydetails", "pk": 10, "fields": {"fmy": 2, "mis": 2}}, {"model": "mis.fmydetails", "pk": 11, "fields": {"fmy": 3, "mis": 3}}, {"model": "mis.fmydetails", "pk": 12, "fields": {"fmy": 4, "mis": 4}}, {"model": "mis.fmydetails", "pk": 13, "fields": {"fmy": 4, "mis": 5}}, {"model": "mis.fmydetails", "pk": 14, "fields": {"fmy": 5, "mis": 6}}, {"model": "mis.fmydetails", "pk": 15, "fields": {"fmy": 6, "mis": 8}}]